PostId,text_combined
18908639,haskell maps implement balanced binary tree instead traditional hashtable limited knowledge haskell maps data map suppose like dictionary hashtable language implement self balance binary search tree binary tree reduce lookup time oppose require element ord certainly good reason advantage binary tree application binary tree bad hashtable way case vastly preferable traditional hashtable haskell
3735748,measure average thickness trace image problem number binary image compose trace different thickness image illustrate problem image size x px image size x px need measure average thickness pixel trace image fact average thickness trace image somewhat subjective measure need measure correlation radius trace indicate figure note measure need precise willing trade precision speed word speed important factor solution problem intersection trace trace thickness constant average measure ok maximum trace thickness acceptable trace long wide
389094,create dynamic linq join extension method library dynamic linq extension method release sample visual studio like extend join method code fail parameter miss match exception run time problem public static iqueryable iqueryable outer ienumerable inner string outerselector string innerselector string resultsselector param object value inner null throw new outerselector null throw new innerselector null throw new resultsselector null throw new lambdaexpression outerselectorlambda dynamicexpression elementtype null outerselector value lambdaexpression innerselectorlambda dynamicexpression null innerselector value parameterexpression parameter new parameterexpression expression elementtype outer expression inner lambdaexpression resultsselectorlambda dynamicexpression null resultsselector value return outer provider createquery expression join new type outer elementtype inner outerselectorlambda body type innerselectorlambda body type resultsselectorlambda body type outer expression inner expression expression expression
4000062,create object interface interface testa string tostring public class test public static void args testa public string tostring return test result test null exception throw runtime compilation fail error line compilation fail error line compilation fail error line answer question query question line create object possible create object interface
22787209,cluster stack bar datum set look like pd pd j b c d j b c d want stack bar plot dataframe index like stack bar index try plot axis ax stack true stack true ax ax overlap try concat dataset stack true stack good try stack true give basically want want bar order etc guess trick found answer get want like bar cluster index order visually clear bonus have x label redundant like b
27349612,add pins annotations xcode swift new swift language application mapkit map region set hang allow user add pin let clarify idea start moment pin variable sure correct help appreciate var mypins mkpinannotatoinview override func viewdidload mapview code
3736576,current mavensession mavenexecutionrequest plexus component create plexus component house common logic mojos want create able pass information like localrepository project mojo test case wonder way mavensession mavenexecutionrequest component have pass parameter mojo know component run maven mojo maven instance
34495117,reactive programming different event drive programming learn reactive programming functional reactive programming javascript confused wikipedia say way write reactive code imperative oorp functional want know event drive way write reactive code reactive programming relate promises think promise alternative event drive callback hell
1693634,undefined symbol vtable typeinfo nearly final step strange erro solveplanningproblem undefined symbol vtable obstacle reference typeinfo obstacle reference typeinfo rectanglein typeinfo circlein ld find ld return exit status solveplanningproblem error meaning vtable typeinfo
21524373,nginx connect fail connection refuse connect upstream try deploy portal get gateway timeout error browser send request browser check log get error error connect fail connection refuse connect upstream client server request upstream host problem relate permission
27772451,rebind key continue command visual studio visual studio startdebugging continue annoying ide debugger act way cgdb intellij idea simplicity universality want use key bind scheme ide debugger change ide debugger bind startdebugging continue question way separately bind startdebugging continue different key visual studio
21970719,java lambda expression want sort string element array month length method tell possible use lambda expression instead create new class implement comparator exactly way work import array import comparator public class mainclass public static void args string month works b string string b return
1852837,generic constructor parameter constraint c c constraint generic method like public class public static t method t t t new return new t specify t constructor require parameter wonder way add constraint like exist constructor float parameter follow code compile public class public static t method t t t u return new workaround useful
281438,jquery support backward compatibility issue mootools backward compatible specifically area drag drop functionality wonder similar problem jquery backward compatible start use heavily think upgrade new version start plugin require issue rid old version
8029121,hash c++ make little utility help remember password repetition like enter password remember day session course store password gladly store hash easy way hash standard library
13975546,avx vmovdqa slow sse movdqa work fast add loop speed assembler add loop test memory access sse avx instruction add read input produce output write dummy routine read value register write memory operation course useless benchmarke use unrolled loop handle byte loop comprise block like mov rax qword ptr mov qword ptr mov qword ptr rax upgrade use block like movdqa xmmword ptr movdqa xmmword ptr movdqa xmmword ptr later avx bit register block like vmovdqa ymmword ptr vmovdqa ymmword ptr vmovdqa ymmword ptr far extremely spectacular interesting benchmarking result run different approach bit word time kb input time kb output strange result follow timing process time byte input byte output register method run byte method run byte avx method run byte question come avx method slow lot method expect par ymm register cost extra time memory align gpf explanation
6249095,set caret cursor position contenteditable element div simple html example div text text text br text text text br text text text br button want simple thing click button want place specific place editable div search web js attach button click work ff chrome const range const mydiv possible set manually caret position like
18384832,round rect button xcode drag drop round rect button long available xcode find interface builder guess change ios want sure
5189139,render wpf usercontrol bitmap create window render wpf usercontrol bitmap create window need render wpf usercontrol upload program bitmap render windows service create window option know way virtually create window unfortunately call command create window option case way render usercontrol bind window
4941793,new operator memory allocation heap c++ look signature new operator void operator new size throw use operator use cast int arr new int convert pointer type void int case malloc return void need explicitly use cast
1732798,tell uitextfield responder embed uitableviewcell uitextfield subview uitableviewcell view load want text field responder pointer text field table cell try mytextfield becomefirstresponder return time regardless call accord doc mean text field refuse responder wrong edit textfield properly respond touch bring keyboard tell becomefirstresponder programmatically problem happen
5525757,rail rake task aware test environment follow rake task define lib task folder namespace db namespace test task prepare environment end end end seed test db run rake db test prepare basic record exist order app function optional mock separately model use asset storage development production want use testing set method model change storage path local work wonder rake task aware environment call turn file put environment check rail environment sure task run print environment check rail environment development redo rake task seed test db know seed test db
622732,use password hashing reason use jbcrypt plan use jbcrypt password hash new web application suppose good read look reason use find maven repository search jbcrypt bcrypt downer like dependency manage maven repository possible jbcrypt good breed solution password hash setup local repository available way miss maybe version maybe stable reason low version number cause
5475905,linux delete file size delete certain file linux size want execute crontab extra script l grep tab eq rm like
5574561,exif datum need know orientation image gallery take camera initial approach use mediastore image medium orientation work droid test htc thunderbolt phone save field move read exif datum exifinterface exifreader new return image idea properly orientation photo android
13129994,multiplecompilationerrorsexception startup fail unable resolve class currently receive error try run soapui file multiplecompilationerrorsexception startup fail unable resolve class line column import syntaxexception unable resolve class line column error soapui code import def env def baseurl baseurl baseurl env test env teststep new eclipse code package import timeunit import import webelement import abstractsubmitcontext import testrunner public class extend baseselenium public static void string args final ico new try false e todo auto generate catch block code solve error sure cause error
25283767,use spring manage hibernate interceptor spring boot possible integrate spring manage hibernate interceptor spring boot spring data jpa spring data rest need hibernate interceptor act update particular field entity standard jpa event possible old value think need use hibernate interceptor
15331056,library static dynamic framework project inside project exist ios app want add large chunk code develop project ease testing new chunk basically deal save image sharing service etc share code need lot testing future updating wonder good way incorporate code chunk exist app know static library dynamic library framework honestly sure difference set xcode know need want separate testing update app sharing code main app use
20326604,gcc like use new atomic operation provide standard try include appropriate header file give csort fatal error file directory include documentation header file provide gcc miss define gcc follow gcc ubuntu linaro copyright c free software foundation confirm define follow ifdef error yes error endif yield csort error error error edit thank swift reply case stumble google question fix interim release gcc unix portable atomic operations
19092000,memory leak angular compile summary follow plunkr cause memory leak time compile run explanation code write directive need completely render html generate template string feed string compile finally jquery remove old dom replace newly render element time application leak megabyte memory crash browser chrome heap snapshot show tree detach dom element get add time plunkr reason issue leak lot wrong cause memory leak generate string template compile clearly way angular directive mean write know approach combination ng repeat way binding unfortunately cause performance issue number watch statement scope increase bit reasoning choose approach small rant datum bind work angularj edit work plunk long leak memory question case find useful non leaking method compiling dom
22050199,python implementation laplacian gaussian edge detection look equivalent implementation laplacian gaussian edge detection matlab use follow function bw threshold python exist function calculate laplacian gaussian give edge definitely pointer online implementation code thank
11171154,hibernate difference annotation common annotation short sweet hibernate common annotation final hibernate annotation final nub difference need try avoid jpa mean jpa standard embed hibernate thank
1478215,compare date component datetime ef have date value store database select user datepicker use case search particular date database value previously enter database time component date enter picker different time component interested date component like ignore time component way comparison c linq update linq entities follow work fine e datetime firstdate value seconddate
1603688,python image recognition want image recognition simple app give image x pxs color background image geometric figure triangle square smaleyface pxs python recognition figure display geometric figure link hint api thxs
22064302,convert dynamic type dictionary c dynamic object look like foo bar foobar convert dictionary
9617348,reshape column datum frame matrix long wide format look like x x b x c y y b y c want matrix form feed heatmap plot result look like b c x y try cast reshape package try write manual function able right
32652833,c++ allocate huge page application linux c++ app linux extremely latency sensitive memory usage gb kb page tlb entry go encounter tlb miss read intel developer manual mb mb huge page reduce number tlb entry half increase memory range offset reduction tlb entry well performance allocate memory huge page application trade off aware linux red hat distribution
25709548,lock free multiple producer consumer queue try implement lock free multiple producer multiple consumer queue learn exercise aware use exist open source implementation like find code work data store ringbuffer apparently bounded mpmc queue model pretty closely read disruptor thing notice work absolutely fine single consumer single multiple producer multiple consumer break queue template typename t class queue public iqueue t public explicit queue int capacity bool t value bool t value private typedef struct bool readable t value item int int int item template typename t queue int capacity new int capacity false template typename t queue delete template typename t bool queue t value true room int tail int tail int head head return false tail incremente reading value complete acquire slot consumer thread middle read tail value true return true template typename t bool queue t value true int head int tail head tail return false int head head head value false return true test void test queue int queue const int const int const int bool start end start int int int int base int base int int v v v set true int end double duration end start bool result true int fail result false result success fail nudge right direction greatly appreciate pretty new memory fence mutex probably fundamentally misunderstand cheer j
31784484,parallelize file download download file time import url u url try subprocess import subprocess import os def file process set file p p process check child process close p process url url way parallelize urlretrieve subprocess cheat give resort cheat subprocess popen right way download datum multi thread multi core wget normal way multi core instead multi thread
3961446,gcc implicitly supply flag compile static library numerous problem compile share object link statically static library problem show platform compilation work problem os specific gcc configuration thing research indicate gcc work platform gcc ubuntu problem fix make sure static library dependency compile question difference apparently generate instruction later type relevant context question assumption link static code hard wiring function binary link time need level indirection position independant code machinery provide question need link share object static archive need question need supply implicitly think break change suppose big
24852764,vs lambda performance want time function execution write helper namespace std template int n class fun class args void fun fun args args auto start n auto end auto diff end start cout double ms endl figure time member function way use bind lambda want impact performance const int times timeexec evaluation result evaluation times result bind evaluation ms lambda evaluation ms know internal assume lambda well bind plausible explanation think compiler optimizing subsequent function evaluation lambda loop explain
8760674,datetime method capable recognise leap leap horizon june year get wonder framework leap aware extra insert june utc officially june m june m july m framework capable handle matter windows leap aware affect app mono run o s leap aware edit expand little bit envision scenario java base solution linux leap aware call web service pass valid timestamp java bound framework cater like noda time
3075550,href link html python import website website openwebsite html print html far good want href link plain text html solve problem
22508773,access spring mvc model object javascript file spring mvc class external system application url spring mvc controller method public modelandview string paramone string paramtwo string paramthree httpservletresponse response somemodel model new paramtwo paramthree return new model model public class somemodel private string paramone private string paramtwo private string paramthree getter jsp div element div visible default jsp externaljavascript include enable div set datum div element jquery script url js need model return modelandview datum model set div element external java script file possible model content possible thank
15380775,zeus undefined method create end properly work simple rspec spec model allow use use zeus rspec spec model speed spec trough error failure error nomethoderror undefined method create use syntax zeus
26991807,calculate time difference minute sql server need time difference time minute have start time end time show start time end time need output row correspond time difference respectively
6005361,sass import error rail app file import find unreadable compass rail app successfully run compass init rail blueprint file directory error try compass right app simple sass file body background blue common compass body background body background compass line comment work blue background know sass work uncomment line try import compass blueprint error like syntax error file import find unreadable compass load path eric path myrailsapp app stylesheet line eric path myrailsapp app stylesheet common compass body background body background maybe explicitly tell sass find compass gem add line config require compass require boilerplate rail ruby unfortunately effect public stylesheet app stylesheet public image public javascript tmp sass cache google day determine have problem basic statement tell sass find compass blueprint library
13021796,c++ simultaneously read write socket c++ implement simple server accept single connection use socket simultaneously read write message read write thread safe easy way simultaneously read write socket descriptor linux not need worry multiple thread read write socket single dedicated read single dedicated write thread write socket scenario kind locking require scenario require non block socket opensource library help scenario
13307086,decode raw stream android project ask display video stream android stream raw connect server receive byte stream server basically wonder way send raw byte decoder android display surface successful decode wrap container new mediacodec mediaextractor api android unfortunately find way decode raw file stream api understand way compile use ffmpeg use build method use hw acceleration understand rtsp streaming support android option android version issue
6856635,hide password input terminal want mask password write use linux gcc code know solution use getch function like include int main char c int c c printf return problem gcc include file getch useless solution
10536859,ios keychain retrieve value background currently store username email salt hash email password ios keychain version find keychainitemwrapper wrapper keychainitemwrapper alloc accessgroup nil wrapper setobject wrapper setobject email wrapper setobject token work fine need pull token network call app active work log clean startup network call trouble start app background mind happen sporadically pin specific ios version device user trip location region monitoring want update server status try pull token keychain way network update status user value nil update network stuff work small percentage keychainitemwrapper wrapper keychainitemwrapper alloc accessgroup nil nsstring token wrapper go non arc version keychainwrapper result appreciate feedback small user issue like fix worry background work set backgroundtask prevent thing time have issue work surround keychain let thing forward token fill edit figure issue keychain retrieve value background post answer accept feel question valuable later
24721305,find terminal gnuplot octave mac os run mac os maverick installed octave homebrew come gnuplot xquartz instal restart computer order plot octave cli state set terminal list run set terminal gnuplot course octave cli complain terminal unknown gnuplot set terminal aqua enhance title figure size font dashlength line unknown ambiguous terminal type type set terminal list wrong debug situation gnuplot g n u p l o t version patchlevel modify february build system darwin copyright c thomas williams colin kelley gnuplot home faq bug etc type help faq immediate help type help plot window hit h terminal type set unknown gnuplot set terminal available terminal type canvas html canvas object cgm computer graphics metafile context context metafun pdf document corel eps format coreldraw dumb ascii art print text dxf dxf file autocad default size eepic eepic extend latex picture environment emf enhance metafile format emtex latex picture environment emtex special epslatex latex picture environment graphicx package fig fig graphic language xfig graphic editor gif gif image libgd truetype font gpic gpic produce graph groff gpic preprocessor maybe hpgl relative number pen eject imagen imagen laser printer jpeg jpeg image libgd truetype font latex latex picture environment lua lua generic terminal driver mf metafont plot standard mif frame maker mif format mp metapost plot standard hp designjet hp laserjet iii iv etc option png png image libgd truetype font postscript postscript graphic include epsf embed file pslatex latex picture environment postscript pstex plain tex postscript pstrick latex picture environment pstricks macros qms qms quic laser printer talaris regi regis graphic language svg scalable vector graphics driver tektronix tek emulator tektronix terminal texdraw latex texdraw environment tgif tgif mode x y dash font fontsize tikz tex tikz graphic macro lua script driver tkcanvas tk tcl canvas widget perltk interactive tpic tpic latex picture environment tpic unknown unknown terminal type plot device press return vttek vt like terminal emulator xterm xterm tektronix mode
909791,asynchronous processing message queue php cakephp build website cakephp process file upload xml rpc api web frontend file need scan clamav thumbnail need generate et cetera resource intensive work take time user wait look asynchronous processing php general cakephp particular come multitask plugin cakephp look promising come message queue implementation dropr beanstalkd course need kind background process probably implement cake shell kind see multitask implement multithreaded php daemon need advice fit piece good way good idea long run daemon write php watch advantage external message queue implementation multitask plugin use external message queue roll mysql table store task message queue use dropr beanstalkd implement backend processor fork php daemon good idea ask trouble current plan use multitask plugin edit use beanstald instead mysql table implementation job queue simply consist task array parameter php daemon watch incoming job pass child thread simply execute cakephp task give parameter opinion advice comment gotcha flame
23892553,create unique index entity framework fluent api column unqiue foreign key like ef finally support create index annotation discuss annotation class fluent api like public class personconfiguration entitytypeconfiguration person public personconfiguration id identity possible
6322711,tomcat spring web class find exception contextloaderlistener follow exception try start tomcat eclipse right click project run run server severe error configure application listener class contextloaderlistener classnotfoundexception contextloaderlistener jun pm standardcontext listenerstart build project maven add necessary dependency spring library file lib directory final artifact contain class deploy application outside ide work fine pointer happen highly appreciated
31965566,efficiently write large file disk background thread swift update resolve remove distracting error read entire post feel free leave comment question remain background attempt write relatively large file video disk ios swift gcd completion handler like know efficient way perform task task need block main ui completion logic ensure operation happen quickly possible custom object nsdata property currently experiment extension nsdata example alternate solution include nsfilehandle nsstreams couple form thread safe behavior result fast throughput nsdata writetourl function base current solution wrong nsdata note follow discussion take nsdata class reference saving data perform write temp directory main reason have issue noticeable lag ui deal large file lag precisely nsdata asynchronous apple docs note atomic write cause performance issue large file mb deal large file mercy internal mechanism work nsdata method dig find info apple method ideal convert url nsdata object read short file synchronously need read potentially large file use inputstreamwithurl open stream read file piece time nsdata class reference objective c datawithcontentsofurl info imply try stream write file background thread move writetourl background thread suggest sufficient nsdata class subclass provide method quickly easily save content disk minimize risk datum loss method provide option save datum atomically atomic write guarantee data save entirety fail completely atomic write begin write datum temporary file write succeed method move temporary file final location atomic write operation minimize risk datum loss corrupt partially write file appropriate write temporary directory user home directory publicly accessible directory time work publicly accessible file treat file untrusted potentially dangerous resource attacker compromise corrupt file attacker replace file hard symbolic link cause write operation overwrite corrupt system resource avoid writetourl atomically method related method work inside publicly accessible directory instead initialize nsfilehandle object exist file descriptor use nsfilehandle method securely write file alternatives article concurrent programming provide interesting option advanced file o background option involve use inputstream apple old reference read write file asynchronously post question anticipation swift alternative example appropriate answer example appropriate answer satisfy type question take stream programming guide write output streams nsoutputstream instance write output stream require step create initialize instance nsoutputstream repository write datum set delegate schedule stream object run loop open stream handle event stream object report delegate stream object write datum memory obtain datum request nsstreamdatawrittentomemorystreamkey property datum write dispose stream object look proficient algorithm apply write extremely large file ios swift api possibly c objc suffice transpose algorithm appropriate swift compatible construct nota bene understand informational error include completeness question ask well algorithm use write large file disk guarantee dependency sequence nsoperation dependency provide information description sample reconstruct pertinent swift compatible code advise miss information help answer question note extension add completion handler base writetourl ensure unintended resource sharing occur dependent task use file face race condition extension nsdata func string completion result bool url nsurl void let filepath nstemporarydirectory name success bool false let tmpurl nsurl fileurlwithpath filepath weak var weakself self url atomically atomically true filepath true url tmpurl completion result false url tmpurl method process custom object datum controller var item anyobject let video type nsdata completion result url void result let sharedactivityview item applicationactivitie nil animate true void conclusion apple docs core data performance provide good advice deal memory pressure manage blob heck article lot clue behavior moderate issue large file app specific core data file warning atomic writing tell ought implement method write atomically great care large file safe way manage writing add completion handler write method show activity view main thread stream modify exist api add completion logic reader past midst testing good performance change solution remove binary data property core data replace string hold asset url disk leverage build functionality assets library phasset grab store relate asset url need copy asset use standard api method export method phasset asset library completion handler notify user finished state main thread useful snippet core data performance article reduce memory overhead case want use manage object temporary basis example calculate average value particular attribute cause object graph memory consumption grow reduce memory overhead faulting individual manage object long need reset manage object context clear entire object graph use pattern apply cocoa programming general fault individual manage object nsmanagedobjectcontext refreshobject mergechange method effect clear memory property value reduce memory overhead note set property value nil value retrieve demand fault fire faulting uniquing create fetch request set includespropertyvalue reduce memory overhead avoid creation object represent property value typically sure need actual property datum information row cache incur multiple trip persistent store use reset method nsmanagedobjectcontext remove manage object associate context start create note manage object associate context invalidate need discard reference fetch object associate context interested iterate lot object need use local autorelease pool block ensure temporary object deallocate soon possible intend use core data undo functionality reduce application resource requirement set context undo manager nil especially beneficial background worker thread large import batch operation finally core data default strong reference manage object unsave change lot object memory determine owning reference manage object maintain strong reference relationship easily create strong reference cycle break cycle faulting object refreshobject mergechange method nsmanagedobjectcontext large data objects blobs application use large blob binary large objects image sound datum need care minimize overhead exact definition small modest large fluid depend application usage loose rule thumb object order kilobyte size modest sized order megabyte size large sized developer achieve good performance mb blob database hand application million row table byte modest sized clob character large object need normalize separate table general need store blob persistent store use sqlite store xml binary store require object graph reside memory store write atomic persistent store features mean efficiently deal large datum object sqlite scale handle extremely large database properly sqlite provide good performance database gb single row hold gb course read gb datum memory expensive operation matter efficient repository blob represent attribute entity example photograph attribute employee entity small modest sized blobs clob create separate entity datum create relationship place attribute example create employee photograph entity relationship relationship employee photograph replace employee photograph attribute pattern maximize benefit object fault faulting uniquing give photograph retrieve actually need relationship traverse well able store blob resource filesystem maintain link url path resource load blob necessary note move logic completion handler code long error mention question performant way process large file ios swift attempt process result item array pass uiactvityviewcontroller follow logic let sharedactivityview item applicationactivitie nil animate true void see following error communication error count content xpcerrordescription length content connection interrupt note look well design answer error message
16217313,static sealed class difference class implement static class mean static class abc anyclass class inherit seal class static class mean static class abc aclass seal class abc aclass wrong extent
30565571,redis expire key daily know expireat redis specify key expire problem take absolute unix timestamp find hard time think set argument want key expire end day set key body set expire idea nodejs sailsjs thank
27656519,oracle entity framework entity framework database compatible provider find try build mvc web application entity framework work oracle database try use odac release include support entity framework code code migrations nuget framework managed driver xml db vs community edition update try add model entity data model code following configure configsection section datum entity internal configfile entityframeworksection entityframework culture neutral publickeytoken section manageddataaccess client common odpmsectionhandler oracle manageddataaccess culture neutral entityframework contexts context context default tamayz context databaseinitializer context config contextinitializer myproject context defaultconnectionfactory datum entity infrastructure sqlconnectionfactory entityframework provider provider manageddataaccess client manageddataaccess entityframework eforacleproviderservice oracle manageddataaccess entityframework culture neutral add oracle manageddataaccess version reference rebuild solution try add model entity data model code get follow message screen wizard project reference late version entity framework entity framework database provider compatible version find connection properly configure application able use odac code
6451477,makefile ifeq logical like check multiple condition loop gnu file example ifeq true statement false statement endif right way
1432664,best way create token system authenticate web service call like create web service architecture call platform mobile device winform application iphone blackberry go like wcf wshttp bind probably kill need downgrade basichttp bind compatibility say need system generate token initial login authentication use token subsequent call guess validate authentication allow method execute tip suggestion generate token involve secure token long token good user use application hour possibly sleep computer thank advice
61150,mock static blocks java motto java java static block mean joke aside lot trick java test nightmare hate anonymous classes static blocks lot legacy code use static blocks annoying point push write unit test goal able write unit test class depend static initialization minimal code change far suggestion colleague body static block private static method staticinit method call static block unit test class depend class easily mock staticinit jmockit let example public class classwithstaticinit static initializer change public class classwithstaticinit static staticinit private static void staticinit initialize following junit public class dependentclasstest public static class mockclasswithstaticinit public static void staticinit public static void setupbeforeclass solution come problem run dependentclasstest classwithstaticinittest jvm actually want static block run classwithstaticinittest way accomplish task well non jmockit base solution think work clean
9686409,store dictionary django database model field need save dictionary model field example code def za x x date product write save random product product model bill bill model description class model model date model true product model product model description class model model price model integerfield add leave comment thank
19187905,hue rotation yield original color read hsl hsv color theory impression hue component cyclical attribute repeat degree change independently saturation lightness value correct wrong statement logically follow previous definition rotate hue degree yield color rotate hue degree twice yield original color rotate hue degree follow degree yield original color option correct rotate hue time degree yield color remotely similar original furthermore svg filter like filter fecolormatrix versus css filter property produce result rotation hand color produce svg filter consistent browser hide property hue rotation make operation associative example css svg filter width height background color margin filter hue filter hue filter hue reverse filter hue css div div original hue div div hue div div div div div div div svg svg def filter fecolormatrix filter fecolormatrix filter fecolormatrix rect text g rect filter text g filter rect text g rect text
20721294,size int sizeof int pointer bit machine wonder know laptop bit machine think print follow int main result weird bit machine print int main result sense question bit machine primitive type int use byte bit sizeof int int size bit confused thank advance
8135612,jpa criterion relationship pojo class java answer collaborator relationship class answer cascadetype joincolumns aid inversejoincolumn cid private set collaborator collaborator new hashset class answer set collaborator collaborator set answer need hibernate criteriaquery find collaborator answer give hibernate criteria criteria result transformer stuck come criteriaquery list answer join
5797778,asp.net mvc 3 create class like viewbag asp.net mvc 3 situation like simular viewbag object property create runtime compile time wonder create object behaviour
9819602,union dict object python calculate union dict object python key value pair present result iff key dict duplicate example union b c b c preferably modify input dict example useful dict variable currently scope value
25897883,edit cursor display chrome contenteditable open page live demo chrome span contenteditable css myspan border outline js contenteditable span focus start write thing focus edit cursor cursor display remark need fact span white space note firefox cursor display
30313314,include javascript django templates work project follow documentation succeed include javascript setting static template create static folder javascipt file project myproject static urlpattern setting template myproject template doctype html head load static script static title body img static image block content endblock template block content hello world endblock hello world image script try different thing succeed
4064988,add uiview uibutton subview prevent touch event try add view button subview like uibutton addsubview add button will not touch relate event button work fine subview add thought
7565234,iphone command line unit tests file o short question iphone objective c file operation work correctly command line unit test long question explanation eventually script perform automate building testing iphone build hudson instance follow makdad link question allow run unit test command line semi successfully test fail test caching service class save file try retrieve file o appear work run test command line reference run unit test xcode gui result error nsfilehandle method call handle writing return nil file create nsfilemanager defaultmanager createfileatpath filepath content nil attribute nil think space path simulator cache directory right track rectify note simulator need run order work simulator start programmatically display gui run command line build fail
33156703,fast findone mongodb mongoose read source mongodb findone slow hear actually current truth article march significantly fast use find limit findone read return document exist find return cursor read datum iterate cursor se answer document retrieve order magnitude speed difference disappear reproduce major speed difference mongodb javascript driver originally benchmarke mongodb java driver hope answer consistent mongoose findone
12176735,get multiple select value html dropdownlistfor new multiple new multiple instance dropdownlistfor want set select true previously store value string array store id class commonmethod public static list selectlistitem branchid string select dbentitie db new dbentitie list selectlistitem division new list selectlistitem foreach var b branchid var bid convert var div d db division branchid bid select foreach var d div division selectlistitem selected select text description value return division return value division select true select item model view select
27702540,frozen constant easily find style lot famous repository like rack rail etc example rack cache content content examle rail wonder constant string frozen constant instance course reference singleton instance people usually write literal variable like opinion difference spite freeze people freeze constant
31224192,owl carousel make custom navigation owl carousel contain image add custom navigation arrow image left right side arrow currently useless find way actually switch image owl carousel search endlessly find solution idea
18392450,bootstrap checkbox radio button change value javascript page bootstrap show nice use button style checkboxe radio field example checkbox write div group data label btn primary input option library actually change value underlie input field change label field class active expect change check attribute checkbox apparently misconfigure way example bootstrap site work actually expect behavior fairly useless people go want use checkbox field properly configure bootstrap checkboxe radio button
846487,uri escapedatastre comply rfc uri class default rfc openid oauth need uri escape consistent rfc system uri class documentation default reserved character uri escape accordance rfc behavior change international resource identifiers international domain parsing enable case reserve character uri escape accordance rfc rfc documentation state activate iri mode rfc behavior mean add uri section element app file configuration uri idn iriparse present file get escape behavior app need uri escapedatastre use rfc rule specifically escape reserved character define rfc
6734821,set class attribute form input set html class attribute form input formbuilder like input datetime widget attr array class calendar want inputfield attribute class set calendar
3293279,c++ import enum different namespace enum namespace like use different namespace intuitively figure use typedef accomplish actually work code snippet prove test gcc sun cc namespace foo enum bar namespace buzz method use matter result bar int main f work g work x work y work z problem enum import element unfortunately change original enum encase extra dummy namespace class break lot exist code good solution think manually reproduce enum namespace buzz enum bar violate dry principle well way
5639531,buffer file fast disk access work large file write directly disk slow file large load tmemorystream tfilestream buffer want know custom library offer buffer stream rely buffering offer os os buffering reliable mean cache old file flush cache order room new file file gb range contain million record unfortunately record fix size million reading byte reading writing sequential jump file think ideal buffering end write file disk million small write david provide personal library provide buffer disk access speed test input file delphi stream david stream test input file line million compiler optimization o check fastmm release mode hdd reading linear readline ps multiply time clear performance drop kb recommend kb time ms cache size kb time ms cache size kb time ms cache size kb time ms cache size kb time ms cache size kb time ms cache size kb time ms cache size kb time ms cache size kb time ms cache size kb time ms cache size kb time ms cache size kb time ms cache size kb difference k time ms cache size kb time ms cache size kb time ms cache size kb time ms cache size kb ssd small improvement high buffer recommend kb time ms cache size kb time ms cache size kb time ms cache size kb time ms cache size kb time ms cache size kb time ms cache size kb definitively good k time ms cache size kb reading random readinteger read ssd time ms cache size kb count ram mb probably good buffer size readinteger time ms cache size kb count ram mb time ms cache size kb count ram mb time ms cache size kb count ram mb time ms cache size kb count ram mb time ms cache size kb count ram mb time ms cache size kb count ram mb conclusion use random read update read sequentially new system class tbufferedfilestream fast library present
4821094,trouble instal centos try install centos follow tutorial instal python way import try import following error traceback recent file stdin line module file lib site package line module psycopg import binary number string datetime rowid importerror open share object file file directory troubleshoot
15194237,express delete method go wrong node.js ok simple mongodb app set config follow var express mongoose http require var app express port dirname engine jade stack hello problem lie try delete request form simple form input router catch route express method res var b age email request simply delete error try request chome restful client result read topic witch problem follow comment answer solve problem question look expressjs support method delete methodoverride delete head etc method available web browser reference mongo documentation time not think go wrong help appreciate
14997165,c++ fastest way positive modulo inner loop need index array wrap way example array size code ask element give element high level language python simply reason c integer arithmetic usually round instead consistently round consequently modulo operator return negative result give negative argument know index case guarantee case like know fast way implement positive modulo function clever way branch inline int int n return n n n inline int int n return n n course profile find fast system help worry miss well fast machine slow different standard way clever trick miss likely fast possible way know probably wishful thinking way auto vectorise amazing
20532089,merging mix audio stream webaudio mediastreamsource source connect gainnode turn connect scriptprocessornode like getusermediastream mediastreamsource gainnode scriptprocessornode destination application scriptprocessornode main work process transfer raw audio stream websocket remote server application basically web base audio recorder save work fine try introduce mediastreamsource time source webrtc peerconnection peer connection work fine route audio element hear audio come peer want mediastreamsource pipe scriptprocessornode effectively record audio stream look mix audio stream reach scriptprocessornode try connect mediastreamsource gainnode scriptprocessornode directly work node accept input node return error try connect superfluous node try achieve like like mediastreamsource intermediary gainnode scriptprocessornode server mediastreamsource look webaudio specification find node actually multiple input channelmergernode specification state stream merge channel base order connect node stream connect input left channel output stream right channel result jus end stream left ear right want stream merge mix equally single mono channel possible current webaudio api thank help eirik
26379026,resolve circular import celery django django app use celery offload task mainly defer computation field database table model import mymodel celery import def qs id record qs computation import model task import class model model integerfield field model true def parse file set field file obviously will work circular import model import task task import model resolve moment call sense model logic model class well way
20534417,difference baud rate bit rate have hard time understand difference slight difference difference exactly like explain analogy
32490771,authentication sharing session datum work inspire share session socket io express implement socket authentication clean way need use cookie parser read cookie header item remain unclear example use stable version var express session session redisstore sessionstore new redisstore io var sessionmiddleware session store sessionstore secret blabla cookie function var sessionid session return session undefined return new find authenticate successfully setup event stuff res body script script var socket io io client send initial http handshake request server server gather cookie request information server access initial request question handshake request scope express session generally scope middleware way expect fire initial request access easily scenario middleware define fire initial http handshake request like socket relate stuff standard request sure example fire intentionally write order put work work write conversely lastly like point people link question undefined cause app break problem solve provide object instead like like dirty hack reason yield undefined
13941136,give runtime argument function function store load argument argument determine runtime like function argument actual value effect optimization code compilation consider follow int int value void foo memord getmemoryorder register int v value load value memory memord dependency v value memord dependency memord happen store safely move add extra work loading value prevent require stall memord switch store allow thread count set value set wonder memory order define runtime argument compile time reason examine environment runtime decide good memory operation semantic
1630239,sql vs sql server difference clause use scenario query select eventid eventname eventmaster eventdate query select eventid eventname eventmaster eventdate eventdate edit eventdate originally missing query syntactically wrong
2258300,nstextfield white text black background black cursor setup nstextfield text color white background color black despite render background color transparent interface builder problem have cursor black hardly visible cursor represent text color idea fix nstextfield look like edit
32055768,attributeerror list object attribute clear work linux machine python version try exception l traceback recent file stdin line module attributeerror list object attribute clear time mac python code run smoothly difference python version miss
465882,generate manifest file registration free com application native use manifest file deploy complete isolation require global com registration example dependency com server declare follow file sit folder xml assembly schemas microsoft com assemblyidentity dependency dependentassembly assemblyidentity deploy folder file xml assembly schemas microsoft com assemblyidentity file typelib comclass dbgrid control work fine maintain manifest file manually bit pain way generate file automatically ideally like declare application dependency list com server native let rest generate automatically possible
12656648,uicollectionview performing updates performbatchupdate uicollectionview try insert item dynamically animation function download image asynchronously like insert item batch datum like following uiimage image image insertitemsatindexpath completion nil place pass array nsindexpath point location new item insert confused provide location provide actual image display position thank update resultssize contain size datum source array new datum add datum newimage int resultssize count addobjectsfromarray newimage nsmutablearray arraywithindexpaths nsmutablearray array int resultssize resultssize arraywithindexpath indexpathforrow insertitemsatindexpath arraywithindexpaths completion nil
7062605,grail session management service class problem grails session think have service class session handling create class call sessionservice grail app service class sessionservice static transactional true grailswebrequ request grailshttpsession session def value session null value def gettestvar session null problem nullpointer exception method throw nullpointerexception exception evaluate grailshttpsession tostring usage service class controller class samplecontroller sessionservice sessionservice def selectanythe value testview wrong right way set session method hope help thank advance cheer marco
1001825,identify lucene net index exist folder lucene net indexing search document follow code create open index exist indexwriter writer new new standardanalyzer indexexists private bool indexexists return implement indexexists simple way need exception throw
20959331,cursor show uitextview think reason blink cursor uitextview custom control subclass uiview uitextview cursor appear get focus keyboard appear text appear type cursor figure thought
11787759,properly format currency io look way format string currency textfield hack example like number convert number like look like thank
6094556,mobile safari make multiple video request asp.net design web application ipad make use mobile safari transmit file manually file host iis run framework essential code look partly like receive range header transmit partial file context request null var fi new long filesize fi length read start end index string headerrange context request string range headerrange int startindex convert int endindex convert add header content range modify context response statuscode partialcontent context response headercontentrange string startindex endindex filesize context response headerlastmodified string r fi creationtime long length endindex startindex context response startindex length context response confuse end protocol request safari use proxye request fiddler following aprox mb file note request file directly serve iis protocol request request byte allow read content range header request entire content proceed step request part file file large step test request request contain file equally split make sense expect think sense make initial request byte request entire file finally request file different part conclude result file download time depend length file user watch long anybody sense behavior maybe explain prevent multiple download thank
14348517,child element scrollviewer prevent scroll mouse wheel have problem get mouse wheel scroll work following xaml simplify clarity scrollviewer grid grid resources datatemplate type local datafieldmodel grid textbox resource listbox x getdatafields listbox itemspanel itemspaneltemplate canvas itemspanel listbox itemcontainerstyle style setter left dfx setter dfy itemcontainerstyle visually result area know size datafields read collection represent textboxes arbitrary position size et cetera case listbox style area large display horizontal vertical scrolling possible scroll bar well ergonomic sanity mouse wheel scrolling possible normally scrollviewer handle automatically listbox appear hand event parent scrollviewer see far able wheel scroll working set ishittestvisible false listbox parent grid course child element mouse event work ensure scrollviewer see mouse wheel event preserve child element edit learn listbox build scrollviewer probably steal wheel event parent scrollviewer specify control template disable update question resolve problem
